{"mean":{"confidence_interval":{"confidence_level":0.95,"lower_bound":408629274148.24,"upper_bound":410247296334.98},"point_estimate":409434805086.76,"standard_error":411588240.1741399},"median":{"confidence_interval":{"confidence_level":0.95,"lower_bound":408291876840.0,"upper_bound":410376764012.5},"point_estimate":409349850418.0,"standard_error":566068880.5463861},"median_abs_dev":{"confidence_interval":{"confidence_level":0.95,"lower_bound":3261658687.733683,"upper_bound":5240937448.8465605},"point_estimate":4011042387.102163,"standard_error":479478307.14865303},"slope":null,"std_dev":{"confidence_interval":{"confidence_level":0.95,"lower_bound":3509276157.4252067,"upper_bound":4647866199.566865},"point_estimate":4101662800.712326,"standard_error":291019923.3744643}}