{"mean":{"confidence_interval":{"confidence_level":0.95,"lower_bound":144390848.46,"upper_bound":146429579.8805},"point_estimate":145398633.75,"standard_error":519746.8458194411},"median":{"confidence_interval":{"confidence_level":0.95,"lower_bound":142448952.0,"upper_bound":145640100.0},"point_estimate":143283156.5,"standard_error":783811.8062967109},"median_abs_dev":{"confidence_interval":{"confidence_level":0.95,"lower_bound":3250612.3030900955,"upper_bound":6555790.956911445},"point_estimate":4494708.64290297,"standard_error":830960.9423742993},"slope":null,"std_dev":{"confidence_interval":{"confidence_level":0.95,"lower_bound":4479632.168567187,"upper_bound":5881280.466435281},"point_estimate":5236058.658984155,"standard_error":358018.8188209258}}