{"mean":{"confidence_interval":{"confidence_level":0.95,"lower_bound":144219098.71,"upper_bound":146608046.04275},"point_estimate":145370967.62,"standard_error":611803.8979118835},"median":{"confidence_interval":{"confidence_level":0.95,"lower_bound":142173636.5,"upper_bound":143902158.0},"point_estimate":142869875.5,"standard_error":503835.69167013094},"median_abs_dev":{"confidence_interval":{"confidence_level":0.95,"lower_bound":2583775.899928808,"upper_bound":5192310.478118062},"point_estimate":3665345.924127102,"standard_error":655516.7373343076},"slope":null,"std_dev":{"confidence_interval":{"confidence_level":0.95,"lower_bound":5019652.339236061,"upper_bound":7027104.081966003},"point_estimate":6121347.410054601,"standard_error":513676.1797992916}}