{"mean":{"confidence_interval":{"confidence_level":0.95,"lower_bound":14135542.20725,"upper_bound":14365640.36475},"point_estimate":14244406.02,"standard_error":58835.008691226205},"median":{"confidence_interval":{"confidence_level":0.95,"lower_bound":13947318.0,"upper_bound":14250915.5},"point_estimate":14080285.0,"standard_error":70744.30911889287},"median_abs_dev":{"confidence_interval":{"confidence_level":0.95,"lower_bound":304760.28538942337,"upper_bound":563423.572397232},"point_estimate":476825.6492346525,"standard_error":69679.06671913505},"slope":null,"std_dev":{"confidence_interval":{"confidence_level":0.95,"lower_bound":405535.39449290634,"upper_bound":755195.2666886396},"point_estimate":591971.3424415578,"standard_error":87762.60038991866}}