{"mean":{"confidence_interval":{"confidence_level":0.95,"lower_bound":1808899530.67,"upper_bound":1829243526.86},"point_estimate":1818859980.71,"standard_error":5207217.300820246},"median":{"confidence_interval":{"confidence_level":0.95,"lower_bound":1794065704.5,"upper_bound":1819403426.0},"point_estimate":1805280454.5,"standard_error":6089256.295306309},"median_abs_dev":{"confidence_interval":{"confidence_level":0.95,"lower_bound":29661401.38130486,"upper_bound":57575666.92342758},"point_estimate":43881148.19765389,"standard_error":6588079.250716067},"slope":null,"std_dev":{"confidence_interval":{"confidence_level":0.95,"lower_bound":44333734.20002366,"upper_bound":59042498.62277349},"point_estimate":52295714.84568235,"standard_error":3775223.2790704244}}