{"mean":{"confidence_interval":{"confidence_level":0.95,"lower_bound":24272425.4165,"upper_bound":24625233.79725},"point_estimate":24439368.0,"standard_error":90020.86490746068},"median":{"confidence_interval":{"confidence_level":0.95,"lower_bound":24139078.0,"upper_bound":24484842.0},"point_estimate":24299767.5,"standard_error":93316.92440819641},"median_abs_dev":{"confidence_interval":{"confidence_level":0.95,"lower_bound":572380.7001382113,"upper_bound":890887.6524835825},"point_estimate":744027.2294908762,"standard_error":84591.09153643095},"slope":null,"std_dev":{"confidence_interval":{"confidence_level":0.95,"lower_bound":639117.8161602663,"upper_bound":1166051.9767357274},"point_estimate":903711.289968799,"standard_error":136384.50776604563}}