{"mean":{"confidence_interval":{"confidence_level":0.95,"lower_bound":-0.016462690714009603,"upper_bound":0.009757019331377305},"point_estimate":-0.0032521925861531686,"standard_error":0.006819377489358549},"median":{"confidence_interval":{"confidence_level":0.95,"lower_bound":-0.02784014951443877,"upper_bound":-0.01754799916599914},"point_estimate":-0.023516387396404825,"standard_error":0.0026663613761330317}}