{"mean":{"confidence_interval":{"confidence_level":0.95,"lower_bound":408869666831.3663,"upper_bound":410393212379.13},"point_estimate":409632922745.78,"standard_error":388007308.719472},"median":{"confidence_interval":{"confidence_level":0.95,"lower_bound":408680632611.0,"upper_bound":410704853771.0},"point_estimate":409547549504.5,"standard_error":526924131.0726756},"median_abs_dev":{"confidence_interval":{"confidence_level":0.95,"lower_bound":3161896941.764608,"upper_bound":5375928192.702997},"point_estimate":4206734868.8777266,"standard_error":585727597.0949078},"slope":null,"std_dev":{"confidence_interval":{"confidence_level":0.95,"lower_bound":3412683538.894623,"upper_bound":4274435994.620537},"point_estimate":3867072814.368785,"standard_error":219480834.8158723}}