{"mean":{"confidence_interval":{"confidence_level":0.95,"lower_bound":0.007356741434771674,"upper_bound":0.021215491713784913},"point_estimate":0.014717836781863891,"standard_error":0.0035649052121645},"median":{"confidence_interval":{"confidence_level":0.95,"lower_bound":0.003635065208738242,"upper_bound":0.01441586186002164},"point_estimate":0.00852829104719377,"standard_error":0.00275443700967054}}