{"mean":{"confidence_interval":{"confidence_level":0.95,"lower_bound":-0.04509255182588001,"upper_bound":-0.011369683962352892},"point_estimate":-0.02844944200449384,"standard_error":0.00863076645589483},"median":{"confidence_interval":{"confidence_level":0.95,"lower_bound":-0.05074248386634994,"upper_bound":-0.006957951740305852},"point_estimate":-0.01931782880271682,"standard_error":0.010867534716558604}}