{"mean":{"confidence_interval":{"confidence_level":0.95,"lower_bound":-0.01259946840939549,"upper_bound":0.005119366017566671},"point_estimate":-0.0037725874288070393,"standard_error":0.0045250278063537},"median":{"confidence_interval":{"confidence_level":0.95,"lower_bound":-0.008715213243818631,"upper_bound":0.009054077067530697},"point_estimate":-0.0006140370489171598,"standard_error":0.004501902978758484}}