{"mean":{"confidence_interval":{"confidence_level":0.95,"lower_bound":2.4425167801533942,"upper_bound":2.496484266764728},"point_estimate":2.4703315162228314,"standard_error":0.013730868733780491},"median":{"confidence_interval":{"confidence_level":0.95,"lower_bound":2.4441893822936693,"upper_bound":2.5143796739469306},"point_estimate":2.4740858832574175,"standard_error":0.017167701976326593}}