{"mean":{"confidence_interval":{"confidence_level":0.95,"lower_bound":99081915.34200001,"upper_bound":100539904.756},"point_estimate":99791920.2,"standard_error":372109.9722736522},"median":{"confidence_interval":{"confidence_level":0.95,"lower_bound":97855464.0,"upper_bound":99627357.0},"point_estimate":98581289.0,"standard_error":459835.2705786799},"median_abs_dev":{"confidence_interval":{"confidence_level":0.95,"lower_bound":2105923.5502123833,"upper_bound":3789851.1116766925},"point_estimate":2980674.584582448,"standard_error":459513.537674369},"slope":null,"std_dev":{"confidence_interval":{"confidence_level":0.95,"lower_bound":3092611.945815241,"upper_bound":4305671.48004304},"point_estimate":3744932.4477936174,"standard_error":309767.78371207434}}