{"mean":{"confidence_interval":{"confidence_level":0.95,"lower_bound":2.6715224770538635,"upper_bound":2.747848224098673},"point_estimate":2.7111029876280996,"standard_error":0.019451893284304248},"median":{"confidence_interval":{"confidence_level":0.95,"lower_bound":2.6593986468093136,"upper_bound":2.7276174998084155},"point_estimate":2.6935819280291504,"standard_error":0.015990182450987506}}