{"mean":{"confidence_interval":{"confidence_level":0.95,"lower_bound":2.9841771676092885,"upper_bound":3.098022370142206},"point_estimate":3.042642392611719,"standard_error":0.029064505306292614},"median":{"confidence_interval":{"confidence_level":0.95,"lower_bound":3.004470366924555,"upper_bound":3.1245989529436677},"point_estimate":3.0588516757339477,"standard_error":0.029988071752478383}}