{"mean":{"confidence_interval":{"confidence_level":0.95,"lower_bound":2.374359745859885,"upper_bound":2.4320580087913033},"point_estimate":2.4037821792864893,"standard_error":0.014769368058237906},"median":{"confidence_interval":{"confidence_level":0.95,"lower_bound":2.3676517771814374,"upper_bound":2.415354815897046},"point_estimate":2.3920105291854723,"standard_error":0.011447994303009877}}