{"mean":{"confidence_interval":{"confidence_level":0.95,"lower_bound":-0.01885057563224208,"upper_bound":-0.004448042696558878},"point_estimate":-0.011804050216779327,"standard_error":0.0036815276641140485},"median":{"confidence_interval":{"confidence_level":0.95,"lower_bound":-0.01628772786524115,"upper_bound":-0.005570027622616935},"point_estimate":-0.0110457985141732,"standard_error":0.0026158397010591296}}