{"mean":{"confidence_interval":{"confidence_level":0.95,"lower_bound":30242067.548249997,"upper_bound":30655432.65275},"point_estimate":30438706.85,"standard_error":105483.15483965736},"median":{"confidence_interval":{"confidence_level":0.95,"lower_bound":29974393.0,"upper_bound":30260549.5},"point_estimate":30072084.0,"standard_error":76009.85897414114},"median_abs_dev":{"confidence_interval":{"confidence_level":0.95,"lower_bound":421079.8160943396,"upper_bound":806461.7382824421},"point_estimate":588317.1672552824,"standard_error":96222.06288401174},"slope":null,"std_dev":{"confidence_interval":{"confidence_level":0.95,"lower_bound":775864.071157929,"upper_bound":1311019.3662263262},"point_estimate":1058984.577495804,"standard_error":137599.57682743954}}