{"mean":{"confidence_interval":{"confidence_level":0.95,"lower_bound":0.40153178820891444,"upper_bound":0.42879313507650574},"point_estimate":0.414912760651982,"standard_error":0.006965027450419201},"median":{"confidence_interval":{"confidence_level":0.95,"lower_bound":0.41386862916528,"upper_bound":0.4310640084476196},"point_estimate":0.42196010829696373,"standard_error":0.004401847117578195}}