{"mean":{"confidence_interval":{"confidence_level":0.95,"lower_bound":2.5091478245412304,"upper_bound":2.6237576229853987},"point_estimate":2.5645624549415302,"standard_error":0.029250773556444357},"median":{"confidence_interval":{"confidence_level":0.95,"lower_bound":2.5073817971162673,"upper_bound":2.6332483959682094},"point_estimate":2.567429099412912,"standard_error":0.03235644612497949}}