{"mean":{"confidence_interval":{"confidence_level":0.95,"lower_bound":-0.00492221392481125,"upper_bound":0.012040063644898687},"point_estimate":0.003452563608270065,"standard_error":0.004321206271601491},"median":{"confidence_interval":{"confidence_level":0.95,"lower_bound":-0.006547096769274674,"upper_bound":0.0051944130053545035},"point_estimate":-0.00223569012573277,"standard_error":0.002824882531515645}}