{"mean":{"confidence_interval":{"confidence_level":0.95,"lower_bound":44625255.24775,"upper_bound":45130284.125},"point_estimate":44859118.5,"standard_error":128961.90701126732},"median":{"confidence_interval":{"confidence_level":0.95,"lower_bound":44428809.0,"upper_bound":44814920.0},"point_estimate":44653950.5,"standard_error":106581.1462259517},"median_abs_dev":{"confidence_interval":{"confidence_level":0.95,"lower_bound":530921.6821892561,"upper_bound":837752.0107269287},"point_estimate":718867.5079375505,"standard_error":77370.84266210068},"slope":null,"std_dev":{"confidence_interval":{"confidence_level":0.95,"lower_bound":811581.1963556354,"upper_bound":1706182.9430564581},"point_estimate":1296690.741686196,"standard_error":227604.8264979361}}