{"mean":{"confidence_interval":{"confidence_level":0.95,"lower_bound":3.15008594760001,"upper_bound":3.250989691970374},"point_estimate":3.2006092514560764,"standard_error":0.02553544752464723},"median":{"confidence_interval":{"confidence_level":0.95,"lower_bound":3.1355503867281938,"upper_bound":3.2577774731537676},"point_estimate":3.1976642468725167,"standard_error":0.02988490790925053}}