{"mean":{"confidence_interval":{"confidence_level":0.95,"lower_bound":40332484.06525,"upper_bound":40816871.504999995},"point_estimate":40555684.8,"standard_error":123854.95071720176},"median":{"confidence_interval":{"confidence_level":0.95,"lower_bound":40192050.0,"upper_bound":40431672.0},"point_estimate":40301624.0,"standard_error":67715.07183037426},"median_abs_dev":{"confidence_interval":{"confidence_level":0.95,"lower_bound":407311.72556877136,"upper_bound":693059.5010132341},"point_estimate":506099.58571493626,"standard_error":71616.6605035185},"slope":null,"std_dev":{"confidence_interval":{"confidence_level":0.95,"lower_bound":762209.8541759155,"upper_bound":1659121.578937698},"point_estimate":1249377.9086347027,"standard_error":229238.55845049184}}