{"mean":{"confidence_interval":{"confidence_level":0.95,"lower_bound":0.41497087711353775,"upper_bound":0.4464412890057783},"point_estimate":0.4301245678625425,"standard_error":0.007982592847608076},"median":{"confidence_interval":{"confidence_level":0.95,"lower_bound":0.4181686864236099,"upper_bound":0.4332608990019937},"point_estimate":0.4275933737201123,"standard_error":0.003868922998555443}}