{"mean":{"confidence_interval":{"confidence_level":0.95,"lower_bound":2.471137584317223,"upper_bound":2.5318271459494355},"point_estimate":2.501190114175408,"standard_error":0.015465710409615644},"median":{"confidence_interval":{"confidence_level":0.95,"lower_bound":2.4518943997225393,"upper_bound":2.530212334272237},"point_estimate":2.495956151600063,"standard_error":0.01970986288568066}}