{"mean":{"confidence_interval":{"confidence_level":0.95,"lower_bound":0.9827875959310102,"upper_bound":1.0179793999075364},"point_estimate":1.001117971750741,"standard_error":0.008988360301003796},"median":{"confidence_interval":{"confidence_level":0.95,"lower_bound":0.9886881688265432,"upper_bound":1.0361543786683325},"point_estimate":1.0094049962435618,"standard_error":0.012824070072140668}}