{"mean":{"confidence_interval":{"confidence_level":0.95,"lower_bound":0.07912497809784051,"upper_bound":0.12110876433852152},"point_estimate":0.09972980655311225,"standard_error":0.010759230451890707},"median":{"confidence_interval":{"confidence_level":0.95,"lower_bound":0.07722861377176017,"upper_bound":0.14106051161061472},"point_estimate":0.10483365158125069,"standard_error":0.015857069657141044}}