{"mean":{"confidence_interval":{"confidence_level":0.95,"lower_bound":31322250.21075,"upper_bound":31907232.0325},"point_estimate":31611270.88,"standard_error":149656.65548473704},"median":{"confidence_interval":{"confidence_level":0.95,"lower_bound":30961021.0,"upper_bound":31704887.0},"point_estimate":31439384.5,"standard_error":183088.71459112602},"median_abs_dev":{"confidence_interval":{"confidence_level":0.95,"lower_bound":1288943.5064166784,"upper_bound":2189644.525191039},"point_estimate":1858147.7361112833,"standard_error":217610.28325825988},"slope":null,"std_dev":{"confidence_interval":{"confidence_level":0.95,"lower_bound":1336178.933878742,"upper_bound":1664892.6065883543},"point_estimate":1510654.7983472135,"standard_error":84029.9635735916}}