{"mean":{"confidence_interval":{"confidence_level":0.95,"lower_bound":-0.014223406265648015,"upper_bound":0.0048012473708536315},"point_estimate":-0.0046506901017961955,"standard_error":0.004825177608788404},"median":{"confidence_interval":{"confidence_level":0.95,"lower_bound":-0.01040361938772072,"upper_bound":0.0021497057400818864},"point_estimate":-0.00484334123460739,"standard_error":0.003184917157950269}}