{"mean":{"confidence_interval":{"confidence_level":0.95,"lower_bound":52371564.87325,"upper_bound":53756404.82875},"point_estimate":53029274.15,"standard_error":354063.78144343226},"median":{"confidence_interval":{"confidence_level":0.95,"lower_bound":52007487.5,"upper_bound":52429331.0},"point_estimate":52135750.5,"standard_error":119075.09893618787},"median_abs_dev":{"confidence_interval":{"confidence_level":0.95,"lower_bound":739874.4669646025,"upper_bound":1796088.325113058},"point_estimate":1194949.6332854033,"standard_error":267522.5814950503},"slope":null,"std_dev":{"confidence_interval":{"confidence_level":0.95,"lower_bound":2748479.1138870944,"upper_bound":4218361.343384899},"point_estimate":3568496.7811050345,"standard_error":375852.49203073035}}