{"mean":{"confidence_interval":{"confidence_level":0.95,"lower_bound":4369863.79,"upper_bound":4416121.91125},"point_estimate":4392227.24,"standard_error":11773.003504057675},"median":{"confidence_interval":{"confidence_level":0.95,"lower_bound":4356369.0,"upper_bound":4395838.0},"point_estimate":4380594.5,"standard_error":9283.647732734697},"median_abs_dev":{"confidence_interval":{"confidence_level":0.95,"lower_bound":62341.84629321098,"upper_bound":107641.20588898659},"point_estimate":80923.27176332474,"standard_error":11373.627045106758},"slope":null,"std_dev":{"confidence_interval":{"confidence_level":0.95,"lower_bound":87392.29936996516,"upper_bound":147633.24355996514},"point_estimate":118253.04411116856,"standard_error":15412.934568796913}}