{"mean":{"confidence_interval":{"confidence_level":0.95,"lower_bound":349772211.12125003,"upper_bound":353291511.95075},"point_estimate":351480677.39,"standard_error":899346.7469949977},"median":{"confidence_interval":{"confidence_level":0.95,"lower_bound":346817487.0,"upper_bound":352006146.0},"point_estimate":348801867.0,"standard_error":1733759.9280283586},"median_abs_dev":{"confidence_interval":{"confidence_level":0.95,"lower_bound":6057907.198950648,"upper_bound":10255604.754409118},"point_estimate":7674629.837948084,"standard_error":1119422.4759395334},"slope":null,"std_dev":{"confidence_interval":{"confidence_level":0.95,"lower_bound":7535769.721665029,"upper_bound":10402973.406212037},"point_estimate":9063307.188403837,"standard_error":733953.5627379768}}