{"mean":{"confidence_interval":{"confidence_level":0.95,"lower_bound":2.2142210341848627,"upper_bound":2.299278103924725},"point_estimate":2.258924254939925,"standard_error":0.021717393975499648},"median":{"confidence_interval":{"confidence_level":0.95,"lower_bound":2.2282608112017988,"upper_bound":2.331802360072572},"point_estimate":2.3015884266945257,"standard_error":0.026655486104570775}}