{"mean":{"confidence_interval":{"confidence_level":0.95,"lower_bound":14198758.53,"upper_bound":14409547.59},"point_estimate":14299958.79,"standard_error":53756.36530331399},"median":{"confidence_interval":{"confidence_level":0.95,"lower_bound":14090187.0,"upper_bound":14322930.0},"point_estimate":14216956.0,"standard_error":65631.85393247093},"median_abs_dev":{"confidence_interval":{"confidence_level":0.95,"lower_bound":301540.8195465803,"upper_bound":510988.9595056317},"point_estimate":397293.79754662514,"standard_error":54241.737319234526},"slope":null,"std_dev":{"confidence_interval":{"confidence_level":0.95,"lower_bound":406801.18513996026,"upper_bound":661022.0065141341},"point_estimate":543116.021446695,"standard_error":64984.58652992772}}