{"mean":{"confidence_interval":{"confidence_level":0.95,"lower_bound":48775838.38,"upper_bound":49277752.37},"point_estimate":49020267.76,"standard_error":127696.71123031787},"median":{"confidence_interval":{"confidence_level":0.95,"lower_bound":48511548.0,"upper_bound":49103423.0},"point_estimate":48694725.5,"standard_error":147067.64513308348},"median_abs_dev":{"confidence_interval":{"confidence_level":0.95,"lower_bound":836271.6346532106,"upper_bound":1383482.3462332785},"point_estimate":1120205.8382123709,"standard_error":136822.96380371175},"slope":null,"std_dev":{"confidence_interval":{"confidence_level":0.95,"lower_bound":1058932.8653008437,"upper_bound":1480779.9194848388},"point_estimate":1282624.3992018562,"standard_error":107800.95684871767}}