{"mean":{"confidence_interval":{"confidence_level":0.95,"lower_bound":2.519547904559173,"upper_bound":2.5993402374600647},"point_estimate":2.560172050341882,"standard_error":0.020352113439488895},"median":{"confidence_interval":{"confidence_level":0.95,"lower_bound":2.5352046892585665,"upper_bound":2.610621916432936},"point_estimate":2.580671223598557,"standard_error":0.018303382727457573}}