{"mean":{"confidence_interval":{"confidence_level":0.95,"lower_bound":-0.027790983366390496,"upper_bound":-0.018065941250211152},"point_estimate":-0.02298091115139389,"standard_error":0.0024935004257020106},"median":{"confidence_interval":{"confidence_level":0.95,"lower_bound":-0.026426716026440422,"upper_bound":-0.01668971423467469},"point_estimate":-0.021419347823742108,"standard_error":0.0024700366892709156}}