{"mean":{"confidence_interval":{"confidence_level":0.95,"lower_bound":395299.63,"upper_bound":405802.51775},"point_estimate":400511.61,"standard_error":2695.0141757351967},"median":{"confidence_interval":{"confidence_level":0.95,"lower_bound":390985.5,"upper_bound":407000.0},"point_estimate":396342.5,"standard_error":3841.444709559188},"median_abs_dev":{"confidence_interval":{"confidence_level":0.95,"lower_bound":23625.230580568314,"upper_bound":36649.185646846876},"point_estimate":31812.14763522148,"standard_error":3372.3588479423934},"slope":null,"std_dev":{"confidence_interval":{"confidence_level":0.95,"lower_bound":23232.724630022287,"upper_bound":30632.109927446592},"point_estimate":27070.846800252242,"standard_error":1893.076620652499}}