{"mean":{"confidence_interval":{"confidence_level":0.95,"lower_bound":-0.04795299319547239,"upper_bound":0.0005621229518456164},"point_estimate":-0.018485115398997998,"standard_error":0.013023557889180137},"median":{"confidence_interval":{"confidence_level":0.95,"lower_bound":-0.005743520565553495,"upper_bound":0.0008539705722752089},"point_estimate":-0.002376282495892834,"standard_error":0.0017232330090630877}}