{"mean":{"confidence_interval":{"confidence_level":0.95,"lower_bound":145526505.452,"upper_bound":147798296.43},"point_estimate":146646373.15,"standard_error":580638.9616096464},"median":{"confidence_interval":{"confidence_level":0.95,"lower_bound":142915699.0,"upper_bound":146989419.0},"point_estimate":144759325.5,"standard_error":945556.2123787771},"median_abs_dev":{"confidence_interval":{"confidence_level":0.95,"lower_bound":3387911.4388525486,"upper_bound":7695512.999877334},"point_estimate":5572132.576274872,"standard_error":1060551.0731318956},"slope":null,"std_dev":{"confidence_interval":{"confidence_level":0.95,"lower_bound":5123945.46219489,"upper_bound":6450493.620089028},"point_estimate":5840986.904846875,"standard_error":338009.3391360456}}