{"mean":{"confidence_interval":{"confidence_level":0.95,"lower_bound":3.313417122061503,"upper_bound":3.4208298515668285},"point_estimate":3.3678387393722957,"standard_error":0.027342638793055818},"median":{"confidence_interval":{"confidence_level":0.95,"lower_bound":3.3353831679455332,"upper_bound":3.4219948830961995},"point_estimate":3.386903339201515,"standard_error":0.0220381797057865}}