{"mean":{"confidence_interval":{"confidence_level":0.95,"lower_bound":2.268658018288205,"upper_bound":2.3296461351170388},"point_estimate":2.298436427411601,"standard_error":0.015496918359123769},"median":{"confidence_interval":{"confidence_level":0.95,"lower_bound":2.2858776981710003,"upper_bound":2.349323258868806},"point_estimate":2.3137152385432302,"standard_error":0.015181781130612682}}