{"mean":{"confidence_interval":{"confidence_level":0.95,"lower_bound":-0.009566972415342719,"upper_bound":0.005247363347637857},"point_estimate":-0.002131410351195795,"standard_error":0.0037816565687603574},"median":{"confidence_interval":{"confidence_level":0.95,"lower_bound":-0.00953888652547552,"upper_bound":0.0013789648252465808},"point_estimate":-0.003004111162169365,"standard_error":0.0028263919631073336}}