{"mean":{"confidence_interval":{"confidence_level":0.95,"lower_bound":18363569.9595,"upper_bound":18538929.29075},"point_estimate":18451660.58,"standard_error":44767.4381512856},"median":{"confidence_interval":{"confidence_level":0.95,"lower_bound":18346255.0,"upper_bound":18511861.0},"point_estimate":18397563.0,"standard_error":34694.42923012339},"median_abs_dev":{"confidence_interval":{"confidence_level":0.95,"lower_bound":226923.78677129745,"upper_bound":360305.15210330486},"point_estimate":282502.0119845867,"standard_error":32949.23968821181},"slope":null,"std_dev":{"confidence_interval":{"confidence_level":0.95,"lower_bound":354265.88187398575,"upper_bound":539618.6895885675},"point_estimate":450578.0917498463,"standard_error":47395.80654276637}}