{"mean":{"confidence_interval":{"confidence_level":0.95,"lower_bound":49876755.844500005,"upper_bound":50343087.6835},"point_estimate":50100679.17,"standard_error":118101.7215668735},"median":{"confidence_interval":{"confidence_level":0.95,"lower_bound":49664245.5,"upper_bound":50140259.0},"point_estimate":49862625.5,"standard_error":137851.12878055254},"median_abs_dev":{"confidence_interval":{"confidence_level":0.95,"lower_bound":676148.5765309635,"upper_bound":1084025.2097547054},"point_estimate":864982.9244434834,"standard_error":102412.54345028882},"slope":null,"std_dev":{"confidence_interval":{"confidence_level":0.95,"lower_bound":939385.7290115767,"upper_bound":1426211.9193525028},"point_estimate":1192559.749999627,"standard_error":124346.77799232917}}