{"mean":{"confidence_interval":{"confidence_level":0.95,"lower_bound":9750590305.867,"upper_bound":9857942628.7535},"point_estimate":9802333114.08,"standard_error":27410555.92086634},"median":{"confidence_interval":{"confidence_level":0.95,"lower_bound":9679416991.0,"upper_bound":9746181695.0},"point_estimate":9719700070.0,"standard_error":19421940.045104925},"median_abs_dev":{"confidence_interval":{"confidence_level":0.95,"lower_bound":113851630.37112951,"upper_bound":196469909.01726186},"point_estimate":155131846.0219592,"standard_error":20387798.821880013},"slope":null,"std_dev":{"confidence_interval":{"confidence_level":0.95,"lower_bound":217581802.25116765,"upper_bound":322505489.8980169},"point_estimate":275593181.3975463,"standard_error":26736250.78667327}}