{"mean":{"confidence_interval":{"confidence_level":0.95,"lower_bound":-0.006333564041797561,"upper_bound":0.01573105729864455},"point_estimate":0.004797692055160452,"standard_error":0.0056089980266492865},"median":{"confidence_interval":{"confidence_level":0.95,"lower_bound":-0.007360604977791119,"upper_bound":0.023525954066034478},"point_estimate":0.006337570496015799,"standard_error":0.007893527465489212}}