{"mean":{"confidence_interval":{"confidence_level":0.95,"lower_bound":-0.0169126232708102,"upper_bound":-0.00223074870946312},"point_estimate":-0.009448622430758391,"standard_error":0.0037500855402140326},"median":{"confidence_interval":{"confidence_level":0.95,"lower_bound":-0.013569115595738701,"upper_bound":-0.001807004583783578},"point_estimate":-0.00751328857891953,"standard_error":0.003093700112627933}}