{"mean":{"confidence_interval":{"confidence_level":0.95,"lower_bound":-0.04501410516018939,"upper_bound":-0.02377010605452599},"point_estimate":-0.03396339519364722,"standard_error":0.005410342035713961},"median":{"confidence_interval":{"confidence_level":0.95,"lower_bound":-0.03212924368585446,"upper_bound":-0.02400914920199726},"point_estimate":-0.028264193918983715,"standard_error":0.002100848343182324}}