{"mean":{"confidence_interval":{"confidence_level":0.95,"lower_bound":2.531285249941229,"upper_bound":2.618316563470236},"point_estimate":2.5738234488360248,"standard_error":0.022270504556758053},"median":{"confidence_interval":{"confidence_level":0.95,"lower_bound":2.525001913484062,"upper_bound":2.617275456352028},"point_estimate":2.5672032695359897,"standard_error":0.02333477181394687}}