{"mean":{"confidence_interval":{"confidence_level":0.95,"lower_bound":2.542609159619501,"upper_bound":2.6072685837439797},"point_estimate":2.5753802246518256,"standard_error":0.016599345219634694},"median":{"confidence_interval":{"confidence_level":0.95,"lower_bound":2.5205072171368386,"upper_bound":2.5990716370341707},"point_estimate":2.5555370291102992,"standard_error":0.020395051049319858}}