{"mean":{"confidence_interval":{"confidence_level":0.95,"lower_bound":9.307354231166897,"upper_bound":9.473949717389914},"point_estimate":9.387138620758082,"standard_error":0.042340026158466416},"median":{"confidence_interval":{"confidence_level":0.95,"lower_bound":9.315562649058108,"upper_bound":9.477426936884392},"point_estimate":9.394703387845725,"standard_error":0.040349785400194654}}