{"mean":{"confidence_interval":{"confidence_level":0.95,"lower_bound":-0.018739393112688022,"upper_bound":0.0021374031451802757},"point_estimate":-0.008041390417242611,"standard_error":0.005309825464127805},"median":{"confidence_interval":{"confidence_level":0.95,"lower_bound":-0.023731719573430343,"upper_bound":0.008415258129380154},"point_estimate":-0.010228867270819286,"standard_error":0.007974937989485925}}