{"mean":{"confidence_interval":{"confidence_level":0.95,"lower_bound":18350338.719750002,"upper_bound":18526941.80825},"point_estimate":18438027.44,"standard_error":44798.76761024593},"median":{"confidence_interval":{"confidence_level":0.95,"lower_bound":18351952.0,"upper_bound":18473464.0},"point_estimate":18421356.0,"standard_error":30629.58421029264},"median_abs_dev":{"confidence_interval":{"confidence_level":0.95,"lower_bound":190100.414160043,"upper_bound":340052.0951628685},"point_estimate":258832.30340480804,"standard_error":38748.99261757832},"slope":null,"std_dev":{"confidence_interval":{"confidence_level":0.95,"lower_bound":356618.3726048271,"upper_bound":538743.4003211678},"point_estimate":450781.1498000969,"standard_error":46646.451156921685}}