{"mean":{"confidence_interval":{"confidence_level":0.95,"lower_bound":1401235.8933333326,"upper_bound":1422786.5399999998},"point_estimate":1411424.0899999994,"standard_error":5464.828137119371},"median":{"confidence_interval":{"confidence_level":0.95,"lower_bound":1391390.6666666667,"upper_bound":1409487.8333333335},"point_estimate":1401770.6666666665,"standard_error":5045.304051927247},"median_abs_dev":{"confidence_interval":{"confidence_level":0.95,"lower_bound":31306.333944201353,"upper_bound":56656.569594144705},"point_estimate":46423.66457581491,"standard_error":6612.743384994757},"slope":null,"std_dev":{"confidence_interval":{"confidence_level":0.95,"lower_bound":41469.65196514591,"upper_bound":67872.76459226817},"point_estimate":55090.231230724276,"standard_error":6798.221404763188}}