{"mean":{"confidence_interval":{"confidence_level":0.95,"lower_bound":-0.01713893716143475,"upper_bound":-0.002034173621189295},"point_estimate":-0.009258269817676856,"standard_error":0.0038617574066984843},"median":{"confidence_interval":{"confidence_level":0.95,"lower_bound":-0.012920041358709722,"upper_bound":-0.0032134306400604107},"point_estimate":-0.008009101104777483,"standard_error":0.0024277911072277986}}