{"mean":{"confidence_interval":{"confidence_level":0.95,"lower_bound":-0.02130652168015467,"upper_bound":-0.007451278811519139},"point_estimate":-0.014460399454503281,"standard_error":0.0035313984225257616},"median":{"confidence_interval":{"confidence_level":0.95,"lower_bound":-0.02158013800698988,"upper_bound":-0.008656955682223022},"point_estimate":-0.017568958691808967,"standard_error":0.0030237158454882234}}