{"mean":{"confidence_interval":{"confidence_level":0.95,"lower_bound":0.39817141769661984,"upper_bound":0.4277444996324646},"point_estimate":0.4135840093587546,"standard_error":0.007555959610333111},"median":{"confidence_interval":{"confidence_level":0.95,"lower_bound":0.41296500897844046,"upper_bound":0.43033102386451105},"point_estimate":0.4207839876834625,"standard_error":0.004485269947508099}}