{"mean":{"confidence_interval":{"confidence_level":0.95,"lower_bound":10845985.57175,"upper_bound":11039584.465875002},"point_estimate":10936071.135,"standard_error":49564.95293634002},"median":{"confidence_interval":{"confidence_level":0.95,"lower_bound":10767032.5,"upper_bound":10912704.0},"point_estimate":10847307.25,"standard_error":39372.589760158684},"median_abs_dev":{"confidence_interval":{"confidence_level":0.95,"lower_bound":213977.3531511426,"upper_bound":370818.3055816588},"point_estimate":279368.1662902236,"standard_error":42976.53757333326},"slope":null,"std_dev":{"confidence_interval":{"confidence_level":0.95,"lower_bound":308608.4423478033,"upper_bound":666764.0962592866},"point_estimate":498831.76258555986,"standard_error":92050.20550004311}}