{"mean":{"confidence_interval":{"confidence_level":0.95,"lower_bound":-0.01730650135375969,"upper_bound":-0.0012338754049221656},"point_estimate":-0.00984704101449041,"standard_error":0.004031544397523016},"median":{"confidence_interval":{"confidence_level":0.95,"lower_bound":-0.022131640693064992,"upper_bound":-0.011646914542818632},"point_estimate":-0.018269381239404026,"standard_error":0.0026554290522627527}}