{"mean":{"confidence_interval":{"confidence_level":0.95,"lower_bound":9727110637.50275,"upper_bound":9829268623.19875},"point_estimate":9776427450.57,"standard_error":26030892.50239339},"median":{"confidence_interval":{"confidence_level":0.95,"lower_bound":9672348494.0,"upper_bound":9729884706.0},"point_estimate":9692993898.5,"standard_error":14494671.339614622},"median_abs_dev":{"confidence_interval":{"confidence_level":0.95,"lower_bound":99662805.40113151,"upper_bound":177926217.9403782},"point_estimate":125207827.25951672,"standard_error":19935878.88921963},"slope":null,"std_dev":{"confidence_interval":{"confidence_level":0.95,"lower_bound":204964543.81580567,"upper_bound":308349518.6582543},"point_estimate":262095699.8555669,"standard_error":26450258.867717233}}