{"mean":{"confidence_interval":{"confidence_level":0.95,"lower_bound":245476321.93574998,"upper_bound":247849444.13375},"point_estimate":246631336.15,"standard_error":606859.6817899598},"median":{"confidence_interval":{"confidence_level":0.95,"lower_bound":244044937.0,"upper_bound":247821330.0},"point_estimate":245174959.0,"standard_error":873319.877309218},"median_abs_dev":{"confidence_interval":{"confidence_level":0.95,"lower_bound":4913745.510363579,"upper_bound":7696702.045056224},"point_estimate":6286486.308592558,"standard_error":717206.3139274624},"slope":null,"std_dev":{"confidence_interval":{"confidence_level":0.95,"lower_bound":5080172.759816108,"upper_bound":7110475.799924644},"point_estimate":6107872.174555017,"standard_error":521108.13302188815}}