{"mean":{"confidence_interval":{"confidence_level":0.95,"lower_bound":2.2141969212347004,"upper_bound":2.2872403077176737},"point_estimate":2.251717064252662,"standard_error":0.018608174736937794},"median":{"confidence_interval":{"confidence_level":0.95,"lower_bound":2.211385699355002,"upper_bound":2.2790436638599285},"point_estimate":2.2496496674847775,"standard_error":0.01701102202163046}}