{"mean":{"confidence_interval":{"confidence_level":0.95,"lower_bound":2.787895772304054,"upper_bound":2.8989385536714805},"point_estimate":2.843838790460243,"standard_error":0.028256773377512118},"median":{"confidence_interval":{"confidence_level":0.95,"lower_bound":2.802953608586142,"upper_bound":2.962125100623632},"point_estimate":2.8867240233192875,"standard_error":0.03876414382859606}}