{"mean":{"confidence_interval":{"confidence_level":0.95,"lower_bound":4350041.720749999,"upper_bound":4404070.6895},"point_estimate":4374836.93,"standard_error":13848.70440701107},"median":{"confidence_interval":{"confidence_level":0.95,"lower_bound":4333050.0,"upper_bound":4357537.5},"point_estimate":4338112.0,"standard_error":7127.104361942747},"median_abs_dev":{"confidence_interval":{"confidence_level":0.95,"lower_bound":46316.423177719116,"upper_bound":83835.83941161633},"point_estimate":65152.11454331875,"standard_error":9905.299623670515},"slope":null,"std_dev":{"confidence_interval":{"confidence_level":0.95,"lower_bound":79490.15188780597,"upper_bound":196429.43517413404},"point_estimate":139906.5952173023,"standard_error":30528.513731330153}}