{"mean":{"confidence_interval":{"confidence_level":0.95,"lower_bound":0.005014623084139115,"upper_bound":0.019437883656018364},"point_estimate":0.012196535072730663,"standard_error":0.0036629613310677936},"median":{"confidence_interval":{"confidence_level":0.95,"lower_bound":0.006672042967329261,"upper_bound":0.01722296464479789},"point_estimate":0.011004595122190652,"standard_error":0.002678011399304002}}