{"mean":{"confidence_interval":{"confidence_level":0.95,"lower_bound":2.5408088281372456,"upper_bound":2.5915906850883546},"point_estimate":2.5656298390595205,"standard_error":0.01298602963824071},"median":{"confidence_interval":{"confidence_level":0.95,"lower_bound":2.5288440483431818,"upper_bound":2.6019020311689665},"point_estimate":2.564171011931275,"standard_error":0.018662920225001323}}