{"mean":{"confidence_interval":{"confidence_level":0.95,"lower_bound":144980695.684,"upper_bound":147180258.83275},"point_estimate":146057539.72,"standard_error":564193.0435578428},"median":{"confidence_interval":{"confidence_level":0.95,"lower_bound":142869444.5,"upper_bound":146397503.0},"point_estimate":144428755.5,"standard_error":935023.6178666445},"median_abs_dev":{"confidence_interval":{"confidence_level":0.95,"lower_bound":3688185.3767216206,"upper_bound":7212100.2516221125},"point_estimate":5183998.281365633,"standard_error":888890.6957458697},"slope":null,"std_dev":{"confidence_interval":{"confidence_level":0.95,"lower_bound":4779628.772696017,"upper_bound":6460513.074283002},"point_estimate":5661033.888655826,"standard_error":430994.26511502126}}