{"mean":{"confidence_interval":{"confidence_level":0.95,"lower_bound":0.3891818202674202,"upper_bound":0.42139352446579637},"point_estimate":0.4053838373099907,"standard_error":0.00820052375830049},"median":{"confidence_interval":{"confidence_level":0.95,"lower_bound":0.4104340474670103,"upper_bound":0.4312403472564419},"point_estimate":0.4205192306135974,"standard_error":0.005414240961421958}}