{"mean":{"confidence_interval":{"confidence_level":0.95,"lower_bound":50387981.3535,"upper_bound":51159627.796749994},"point_estimate":50761208.61,"standard_error":196597.29991411042},"median":{"confidence_interval":{"confidence_level":0.95,"lower_bound":49816334.0,"upper_bound":50647524.0},"point_estimate":50232568.0,"standard_error":198696.76548186108},"median_abs_dev":{"confidence_interval":{"confidence_level":0.95,"lower_bound":1111733.5206627846,"upper_bound":2009683.538120985},"point_estimate":1438255.4084658623,"standard_error":213067.40597800058},"slope":null,"std_dev":{"confidence_interval":{"confidence_level":0.95,"lower_bound":1566937.771792338,"upper_bound":2378664.017625663},"point_estimate":1981783.3186446698,"standard_error":207340.97230238465}}