{"mean":{"confidence_interval":{"confidence_level":0.95,"lower_bound":-0.02218919876314252,"upper_bound":0.007749198247228274},"point_estimate":-0.007286182662491036,"standard_error":0.007633334575264948},"median":{"confidence_interval":{"confidence_level":0.95,"lower_bound":-0.024193246080027375,"upper_bound":0.03456696864415565},"point_estimate":-0.007134007190754965,"standard_error":0.014250085431425199}}