{"mean":{"confidence_interval":{"confidence_level":0.95,"lower_bound":148660780.31,"upper_bound":150632747.10525},"point_estimate":149628083.37,"standard_error":503498.6977577186},"median":{"confidence_interval":{"confidence_level":0.95,"lower_bound":146722102.5,"upper_bound":149199471.0},"point_estimate":148086612.0,"standard_error":642722.9914204939},"median_abs_dev":{"confidence_interval":{"confidence_level":0.95,"lower_bound":2900354.7310084105,"upper_bound":5869859.407389164},"point_estimate":4311782.492950559,"standard_error":776657.8226574671},"slope":null,"std_dev":{"confidence_interval":{"confidence_level":0.95,"lower_bound":4357941.981347696,"upper_bound":5676667.460976907},"point_estimate":5084567.600964737,"standard_error":336302.79343815794}}