{"mean":{"confidence_interval":{"confidence_level":0.95,"lower_bound":-0.013832442574819664,"upper_bound":0.0014984553239899756},"point_estimate":-0.006194492264305129,"standard_error":0.003915362025219868},"median":{"confidence_interval":{"confidence_level":0.95,"lower_bound":-0.008491332348541047,"upper_bound":-0.0007559013591930119},"point_estimate":-0.004664856568744269,"standard_error":0.0021400081401491103}}