{"mean":{"confidence_interval":{"confidence_level":0.95,"lower_bound":9755783262.314,"upper_bound":9862328620.51325},"point_estimate":9805688726.27,"standard_error":27304261.359621745},"median":{"confidence_interval":{"confidence_level":0.95,"lower_bound":9698718257.0,"upper_bound":9753377130.0},"point_estimate":9726999782.5,"standard_error":16343241.838311957},"median_abs_dev":{"confidence_interval":{"confidence_level":0.95,"lower_bound":76372488.2242173,"upper_bound":129840996.65526152},"point_estimate":95915181.10886514,"standard_error":14317115.016380992},"slope":null,"std_dev":{"confidence_interval":{"confidence_level":0.95,"lower_bound":190803906.32275647,"upper_bound":344202793.8554509},"point_estimate":274419436.5742798,"standard_error":39273887.865280144}}