{"mean":{"confidence_interval":{"confidence_level":0.95,"lower_bound":2.2553957159626314,"upper_bound":2.3222300198966876},"point_estimate":2.2898707303685994,"standard_error":0.016951357897363396},"median":{"confidence_interval":{"confidence_level":0.95,"lower_bound":2.238868375879177,"upper_bound":2.3071764164256425},"point_estimate":2.276379852526744,"standard_error":0.01711611344195736}}