{"mean":{"confidence_interval":{"confidence_level":0.95,"lower_bound":2.9505889297769117,"upper_bound":3.0490941972260135},"point_estimate":2.9997314404090516,"standard_error":0.025154937462148006},"median":{"confidence_interval":{"confidence_level":0.95,"lower_bound":2.9580198283592827,"upper_bound":3.0561936117286965},"point_estimate":3.017829403125316,"standard_error":0.024519056966497227}}