{"mean":{"confidence_interval":{"confidence_level":0.95,"lower_bound":10191806.94675,"upper_bound":10326875.661},"point_estimate":10254060.89,"standard_error":34710.49333507697},"median":{"confidence_interval":{"confidence_level":0.95,"lower_bound":10161785.0,"upper_bound":10266147.5},"point_estimate":10206058.0,"standard_error":26245.661509959155},"median_abs_dev":{"confidence_interval":{"confidence_level":0.95,"lower_bound":157952.49469578266,"upper_bound":241439.18181359768},"point_estimate":205904.22564446926,"standard_error":20868.954601250727},"slope":null,"std_dev":{"confidence_interval":{"confidence_level":0.95,"lower_bound":207494.88300791653,"upper_bound":472760.9131424078},"point_estimate":348141.837548831,"standard_error":68646.7373711006}}