{"mean":{"confidence_interval":{"confidence_level":0.95,"lower_bound":50938329.39,"upper_bound":51754238.81025},"point_estimate":51333610.52,"standard_error":207181.52502580188},"median":{"confidence_interval":{"confidence_level":0.95,"lower_bound":50498464.0,"upper_bound":51459086.5},"point_estimate":51068472.0,"standard_error":213600.6706714512},"median_abs_dev":{"confidence_interval":{"confidence_level":0.95,"lower_bound":1551846.288049221,"upper_bound":2473182.8374922276},"point_estimate":2018820.8017587662,"standard_error":225641.51197276736},"slope":null,"std_dev":{"confidence_interval":{"confidence_level":0.95,"lower_bound":1687019.8701923299,"upper_bound":2465553.707722624},"point_estimate":2083634.4900904894,"standard_error":200063.93351529707}}