{"mean":{"confidence_interval":{"confidence_level":0.95,"lower_bound":0.40559209828580844,"upper_bound":0.4372060155253088},"point_estimate":0.42105159518445356,"standard_error":0.008090499142903775},"median":{"confidence_interval":{"confidence_level":0.95,"lower_bound":0.42089393824079036,"upper_bound":0.4358188732289645},"point_estimate":0.429192329282426,"standard_error":0.003854191958212843}}