{"mean":{"confidence_interval":{"confidence_level":0.95,"lower_bound":10036326.634,"upper_bound":10132877.547999999},"point_estimate":10083351.66,"standard_error":24637.993874314645},"median":{"confidence_interval":{"confidence_level":0.95,"lower_bound":9993547.5,"upper_bound":10103460.0},"point_estimate":10029666.5,"standard_error":25117.201595992145},"median_abs_dev":{"confidence_interval":{"confidence_level":0.95,"lower_bound":163095.0224319846,"upper_bound":269014.8000240326},"point_estimate":200105.7771474123,"standard_error":26570.343482729782},"slope":null,"std_dev":{"confidence_interval":{"confidence_level":0.95,"lower_bound":189590.01010296482,"upper_bound":303730.18156978115},"point_estimate":248477.91174443072,"standard_error":29331.345188519972}}