{"mean":{"confidence_interval":{"confidence_level":0.95,"lower_bound":148331846.1725,"upper_bound":149973870.43575},"point_estimate":149124399.94,"standard_error":420179.79297825677},"median":{"confidence_interval":{"confidence_level":0.95,"lower_bound":146978803.0,"upper_bound":147827552.5},"point_estimate":147453374.0,"standard_error":201004.17525885312},"median_abs_dev":{"confidence_interval":{"confidence_level":0.95,"lower_bound":1143748.0431944132,"upper_bound":2215267.911353633},"point_estimate":1660790.699315071,"standard_error":274997.0199034158},"slope":null,"std_dev":{"confidence_interval":{"confidence_level":0.95,"lower_bound":3374327.9887789823,"upper_bound":4980285.6491077095},"point_estimate":4228903.862571135,"standard_error":408115.5586666067}}