{"mean":{"confidence_interval":{"confidence_level":0.95,"lower_bound":7805508.834249999,"upper_bound":7914166.458},"point_estimate":7854350.08,"standard_error":27785.075390337857},"median":{"confidence_interval":{"confidence_level":0.95,"lower_bound":7805578.0,"upper_bound":7852462.5},"point_estimate":7821441.0,"standard_error":13444.141393899601},"median_abs_dev":{"confidence_interval":{"confidence_level":0.95,"lower_bound":73673.35789203644,"upper_bound":131944.72595751286},"point_estimate":107373.5965937376,"standard_error":14797.714552140795},"slope":null,"std_dev":{"confidence_interval":{"confidence_level":0.95,"lower_bound":125488.44733180224,"upper_bound":396944.21977155755},"point_estimate":278269.6329815208,"standard_error":69387.45879991556}}