{"mean":{"confidence_interval":{"confidence_level":0.95,"lower_bound":49018583.11775,"upper_bound":50229799.37},"point_estimate":49554866.17,"standard_error":310572.8050156178},"median":{"confidence_interval":{"confidence_level":0.95,"lower_bound":48299690.0,"upper_bound":49672475.0},"point_estimate":48987968.5,"standard_error":339902.8833475577},"median_abs_dev":{"confidence_interval":{"confidence_level":0.95,"lower_bound":1702719.3678706884,"upper_bound":2583025.6858096267},"point_estimate":2055935.4681998491,"standard_error":232816.92015754498},"slope":null,"std_dev":{"confidence_interval":{"confidence_level":0.95,"lower_bound":1780246.2098672432,"upper_bound":4594326.743201747},"point_estimate":3109059.911847924,"standard_error":876652.2244383002}}