{"mean":{"confidence_interval":{"confidence_level":0.95,"lower_bound":2.463947326240411,"upper_bound":2.5732565859629513},"point_estimate":2.5189414039439004,"standard_error":0.027905447439748623},"median":{"confidence_interval":{"confidence_level":0.95,"lower_bound":2.4717927719158626,"upper_bound":2.606313875970846},"point_estimate":2.5402644688629263,"standard_error":0.034035330324623796}}